model,accuracy,precision,recall,f1,roc_auc
logistic_regression,0.735,0.7959183673469388,0.8357142857142857,0.8153310104529616,0.7767857142857143
random_forest,0.77,0.7901234567901234,0.9142857142857143,0.847682119205298,0.7928571428571428
xgboost,0.745,0.8027210884353742,0.8428571428571429,0.8222996515679443,0.7564285714285715
mlp,0.71,0.7928571428571428,0.7928571428571428,0.7928571428571428,0.7102380952380953
