metric,mean_llm_only,mean_rag,mean_delta_rag_minus_llm,p_ttest,p_wilcoxon
completeness,0.40666666666666657,0.96,0.5533333333333332,4.523368020501389e-23,5.143629519254953e-10
ontology_alignment,0.21852380952380945,0.3323809523809524,0.11385714285714287,3.1139829463578273e-12,9.65580783508609e-09
asp_pass,0.0,0.88,0.88,3.320256886646326e-24,3.283758649873382e-11
