metric,mean_llm_only,mean_rag,mean_delta_rag_minus_llm,p_ttest,p_wilcoxon
completeness,0.38666666666666655,0.9466666666666668,0.5600000000000002,1.1822791917056945e-26,2.4125516649263534e-10
ontology_alignment,0.22085714285714278,0.33460317460317457,0.11374603174603175,1.0570955701190434e-13,3.345367542689995e-09
asp_pass,0.0,0.84,0.84,3.906776114729115e-21,9.127341799289126e-11
