feature,mean_abs_shap
ord__checking_status,0.05815096279872394
num__age,0.047077532666582794
ord__savings_status,0.036417498664026195
num__duration,0.03077855076203685
num__credit_amount,0.028552217244807273
num__installment_rate,0.02599233707612296
cat__purpose_A40,0.025643750797104375
cat__purpose_A41,0.024366964851946688
cat__credit_history_A34,0.023205717303674732
ord__employment,0.022884782592998868
